,48,최저가 파격세일,2021-08-17,2021-08-19,all210818.jpg
,15,최저가 파격세일,2021-08-17,2021-08-19,kjuyjy210818.jpg
,29,최저가 파격세일,2021-08-17,2021-08-19,kjuyjy210818.jpg
,16,최저가 파격세일,2021-08-17,2021-08-19,kjuyjy210818.jpg
,4,최저가 파격세일,2021-08-17,2021-08-19,all210818.jpg
,36,수목 최저가 파격세일,2021-08-18,2021-08-19,ys210818.jpg
,28,최저가 파격세일,2021-08-17,2021-08-19,all210818.jpg
,13,최저가 파격세일,2021-08-17,2021-08-19,all210818.jpg
,2,최저가 파격세일,2021-08-17,2021-08-19,all210818.jpg
,3,최저가 파격세일,2021-08-17,2021-08-19,all210818.jpg
,5,최저가 파격세일,2021-08-17,2021-08-19,all210818.jpg
,6,최저가 파격세일,2021-08-17,2021-08-19,shjs210818.jpg
,8,최저가 파격세일,2021-08-17,2021-08-19,shjs210818.jpg
,9,최저가 파격세일,2021-08-17,2021-08-19,all210818.jpg
,14,최저가 파격세일,2021-08-17,2021-08-19,all210818.jpg
,17,최저가 파격세일,2021-08-17,2021-08-19,kjuyjy210818.jpg
,21,최저가 파격세일,2021-08-17,2021-08-19,kjuyjy210818.jpg
,27,최저가 파격세일,2021-08-17,2021-08-19,ukih210818.jpg
,33,최저가 파격세일,2021-08-17,2021-08-19,ukih210818.jpg
,34,최저가 파격세일,2021-08-17,2021-08-19,ukih210818.jpg
,35,최저가 파격세일,2021-08-17,2021-08-19,ukih210818.jpg
,37,최저가 파격세일,2021-08-17,2021-08-19,all210818.jpg
,47,최저가 파격세일,2021-08-17,2021-08-19,all210818.jpg